{"_runtime":0,"_step":31,"no_rebal/eval_loss":8.87730872631073,"step":3000,"_timestamp":1.7667815119453166e+09,"with_rebal/eval_loss":8.882704615592957,"_wandb":{"runtime":0}}