{"_step":212,"train/loss":6.870385646820068,"eval/loss":6.957530617713928,"_wandb":{"runtime":5},"_timestamp":1.766780946800124e+09,"weight/math":0.2679319888251328,"weight/web":0.009901403333664602,"weight/code":0.7221666078412027,"_runtime":5,"eval/ppl":1051.0347900390625,"step":200}