{
  "hidden_dim": 4096,
  "num_iterations": 10,
  "batch_sizes": [
    1,
    32,
    128
  ],
  "results": {
    "batch_1": {
      "dense": {
        "latency_ms": 0.8298719010781497,
        "sparsity": 0.0,
        "cosine_min": 1.0
      },
      "threshold_0.1": {
        "latency_ms": 0.9214171979692765,
        "sparsity": 0.0775146484375,
        "cosine_min": 0.9998442530632019
      },
      "top_k_90": {
        "latency_ms": 1.1544819994014688,
        "sparsity": 0.09999999999999998,
        "cosine_min": 0.9996728897094727
      },
      "top_k_80": {
        "latency_ms": 1.1805623027612455,
        "sparsity": 0.19999999999999996,
        "cosine_min": 0.9976434111595154
      },
      "top_k_70": {
        "latency_ms": 1.2026707991026342,
        "sparsity": 0.3,
        "cosine_min": 0.9922082424163818
      },
      "adaptive": {
        "latency_ms": 1.3306774009834044,
        "sparsity": 0.3,
        "cosine_min": 0.9922082424163818
      }
    },
    "batch_32": {
      "dense": {
        "latency_ms": 14.577840600395575,
        "sparsity": 0.0,
        "cosine_min": 1.0
      },
      "threshold_0.1": {
        "latency_ms": 17.41645639849594,
        "sparsity": 0.08012619018554687,
        "cosine_min": 0.9998534917831421
      },
      "top_k_90": {
        "latency_ms": 19.465409002441447,
        "sparsity": 0.09999999999999998,
        "cosine_min": 0.9997217655181885
      },
      "top_k_80": {
        "latency_ms": 19.73415600223234,
        "sparsity": 0.19999999999999996,
        "cosine_min": 0.9978373050689697
      },
      "top_k_70": {
        "latency_ms": 17.54207929770928,
        "sparsity": 0.3,
        "cosine_min": 0.9925975799560547
      },
      "adaptive": {
        "latency_ms": 17.630220999126323,
        "sparsity": 0.318359375,
        "cosine_min": 0.9855648875236511
      }
    },
    "batch_128": {
      "dense": {
        "latency_ms": 59.887897700536996,
        "sparsity": 0.0,
        "cosine_min": 1.0
      },
      "threshold_0.1": {
        "latency_ms": 51.71289259887999,
        "sparsity": 0.0798410415649414,
        "cosine_min": 0.9998119473457336
      },
      "top_k_90": {
        "latency_ms": 61.64184160006698,
        "sparsity": 0.09999999999999998,
        "cosine_min": 0.9996778964996338
      },
      "top_k_80": {
        "latency_ms": 60.10473709902726,
        "sparsity": 0.19999999999999996,
        "cosine_min": 0.9977824687957764
      },
      "top_k_70": {
        "latency_ms": 65.10802109987708,
        "sparsity": 0.3,
        "cosine_min": 0.99253249168396
      },
      "adaptive": {
        "latency_ms": 74.41073659574613,
        "sparsity": 0.30546875,
        "cosine_min": 0.9875349998474121
      }
    }
  }
}