{"_step":200,"_timestamp":1.766781071289219e+09,"weights/web":0.9010689743814689,"no_rebalancing/eval_loss":6.966857314109802,"weights/code":0.0889191481254036,"with_rebalancing/eval_loss":6.967456579208374,"_runtime":0.090967513,"weights/math":0.010011877493127432,"step":200,"_wandb":{"runtime":0}}