{"_step":61,"with_rebal/train_loss":6.865041255950928,"_wandb":{"runtime":0},"step":951,"_timestamp":1.7667812290927708e+09,"with_rebal/eval_loss":6.962521970272064,"no_rebal/train_loss":6.861929416656494,"_runtime":0,"no_rebal/eval_loss":6.964486122131348}