{"w_web":0.009901244696429801,"_timestamp":1.766780349130648e+09,"_step":57,"score_std":0.001129757147282362,"_wandb":{"runtime":3},"train/step":49,"step1_time":0.1817488670349121,"step2_time":0.05790114402770996,"step5_time":0.006308794021606445,"step6_time":0.22680115699768066,"num_landmarks":32,"step4_time":0.005190849304199219,"w_math":0.7065288308547443,"model_params":1049088,"total_time":0.7013120651245117,"score_mean":0.0002791784645523876,"train/loss":5.529696941375732,"_runtime":3,"step3_time":0.22035765647888184,"w_code":0.283569924448826}