{"_timestamp":1.7667802390803819e+09,"_step":2,"step1_probe_cache_time":0.19284892082214355,"source_embed_shape":[256,64],"step2_embed_time":0.06191134452819824,"_wandb":{"runtime":1},"_runtime":1,"model_params":1049088}