{"step3_time":0.29628992080688477,"score_mean":0.0008545721066184342,"w_web":0.3608578830900047,"_wandb":{"runtime":5},"_step":211,"w_math":0.6292406131296663,"train/step":199,"rb/code":0.009901321187644467,"_runtime":5,"train/loss":2.1637156009674072,"model_params":1049088,"step1_time":0.18856096267700195,"_timestamp":1.7667803871049263e+09,"rb/math":0.5313266348785673,"rb/web":0.4587720439337882,"num_landmarks":32,"score_std":0.0009580517653375864,"total_time":0.8861181735992432,"step5_time":0.008907318115234375,"step4_time":0.0074443817138671875,"w_code":0.009901503780329073,"step6_time":0.3092215061187744,"rebalance/step":200,"step2_time":0.07243061065673828}