{"_runtime":0,"_timestamp":1.766780280144263e+09,"step1_probe_cache_time":0.18594622611999512,"model_params":1049088,"_step":3,"step2_embed_time":0.059629201889038086,"_wandb":{"runtime":0},"step3_landmark_time":0.025906085968017578,"num_landmarks":32}