{
  "best_parameters": {
    "learning_rate": 7.51464916050255e-05,
    "gradient_accumulation_steps": 1,
    "lambda_logits": 15.597347490730527,
    "gamma_attention": 4.2870170784258223e-07,
    "temperature": 9.487212259064703,
    "influence_enabled": true,
    "influence_lambda_reg": 3.136277126329622e-06,
    "influence_threshold": -0.12192795559569365,
    "optimizer_type": "apollo"
  },
  "best_efficiency": 0.028895942,
  "optimizer_comparison": {},
  "parameter_importance": null,
  "optimization_trace": [
    0.0071934738,
    0.0071934738,
    0.0071934738,
    0.0071934738,
    0.0118013105,
    0.0118013105,
    0.0118013105,
    0.0118013105,
    0.0118013105,
    0.0118013105,
    0.0118013105,
    0.0251135171,
    0.0251135171,
    0.0251135171,
    0.0251135171,
    0.0251135171,
    0.0251135171,
    0.0251135171,
    0.0251135171,
    0.0251135171,
    0.0251135171,
    0.0251135171,
    0.028895942,
    0.028895942,
    0.028895942,
    0.028895942,
    0.028895942,
    0.028895942,
    0.028895942,
    0.028895942,
    0.028895942,
    0.028895942,
    0.028895942,
    0.028895942,
    0.028895942,
    0.028895942,
    0.028895942,
    0.028895942,
    0.028895942,
    0.028895942,
    0.028895942,
    0.028895942,
    0.028895942,
    0.028895942,
    0.028895942,
    0.028895942,
    0.028895942,
    0.028895942,
    0.028895942,
    0.028895942
  ],
  "num_trials": 50,
  "num_completed": 50
}