{"probe_cache_time":0.4112250804901123,"influence_max":0.003914444241672754,"influence_min":-0.0025782582815736532,"num_landmarks":50,"_step":4,"influence_mean":0.0006856840336695313,"influence_time":0.019941329956054688,"source_embed_dim":128,"_runtime":1,"source_embed_time":0.11482501029968262,"batch_influence_time_ms":14.246463775634766,"_wandb":{"runtime":1},"landmark_time":0.6637217998504639,"_timestamp":1.766780040593185e+09}