{"model_params":1049088,"step2_time":0.05880475044250488,"_timestamp":1.766780309152447e+09,"step1_time":0.1820368766784668,"score_mean":0.0006546663935296237,"step5_time":0.006296873092651367,"_wandb":{"runtime":1},"_runtime":1,"num_landmarks":32,"step3_time":0.3681650161743164,"score_std":0.0008861307287588716,"step4_time":0.00517725944519043,"_step":5}