{"_step":31,"no_rebal/eval_loss":7.645718157291412,"step":3000,"with_rebal/eval_loss":7.646534651517868,"_wandb":{"runtime":0},"_runtime":0,"_timestamp":1.7667816555242505e+09}